what,kind,bundleId,bundleVersion,description,time
activated,perspective,org.eclipse.jst.j2ee.ui,,"org.eclipse.jst.j2ee.J2EEPerspective",1392139014007
started,bundle,org.eclipse.osgi,3.6.2.R36x_v20110210,"org.eclipse.osgi",1392139014008
started,bundle,org.eclipse.equinox.simpleconfigurator,1.0.200.v20100503,"org.eclipse.equinox.simpleconfigurator",1392139014008
started,bundle,com.ibm.icu,4.2.1.v20100412,"com.ibm.icu",1392139014008
started,bundle,org.eclipse.core.contenttype,3.4.100.v20100505-1235,"org.eclipse.core.contenttype",1392139014009
started,bundle,org.eclipse.core.databinding.observable,1.3.0.I20100601-0800,"org.eclipse.core.databinding.observable",1392139014009
started,bundle,org.eclipse.core.expressions,3.4.200.v20100505,"org.eclipse.core.expressions",1392139014009
started,bundle,org.eclipse.core.filebuffers,3.5.100.v20100520-0800,"org.eclipse.core.filebuffers",1392139014009
started,bundle,org.eclipse.core.filesystem,1.3.1.R36x_v20100727-0745,"org.eclipse.core.filesystem",1392139014009
started,bundle,org.eclipse.core.jobs,3.5.1.R36x_v20100824,"org.eclipse.core.jobs",1392139014009
started,bundle,org.eclipse.core.net,1.2.100.I20100511-0800,"org.eclipse.core.net",1392139014009
started,bundle,org.eclipse.core.resources,3.6.1.R36x_v20110131-1630,"org.eclipse.core.resources",1392139014009
started,bundle,org.eclipse.core.runtime,3.6.0.v20100505,"org.eclipse.core.runtime",1392139014009
started,bundle,org.eclipse.core.runtime.compatibility,3.2.100.v20100505,"org.eclipse.core.runtime.compatibility",1392139014009
started,bundle,org.eclipse.core.runtime.compatibility.auth,3.2.200.v20100517,"org.eclipse.core.runtime.compatibility.auth",1392139014009
started,bundle,org.eclipse.emf.common,2.6.0.v20100914-1218,"org.eclipse.emf.common",1392139014009
started,bundle,org.eclipse.emf.common.ui,2.6.0.v20100914-1218,"org.eclipse.emf.common.ui",1392139014009
started,bundle,org.eclipse.emf.ecore,2.6.1.v20100914-1218,"org.eclipse.emf.ecore",1392139014009
started,bundle,org.eclipse.emf.ecore.xmi,2.5.0.v20100521-1846,"org.eclipse.emf.ecore.xmi",1392139014009
started,bundle,org.eclipse.emf.edit,2.6.0.v20100914-1218,"org.eclipse.emf.edit",1392139014009
started,bundle,org.eclipse.emf.edit.ui,2.6.0.v20100914-1218,"org.eclipse.emf.edit.ui",1392139014009
started,bundle,org.eclipse.epp.usagedata.gathering,1.3.1.R201102081640,"org.eclipse.epp.usagedata.gathering",1392139014010
started,bundle,org.eclipse.epp.usagedata.recording,1.3.1.R201102081640,"org.eclipse.epp.usagedata.recording",1392139014010
started,bundle,org.eclipse.equinox.app,1.3.1.R36x_v20100803,"org.eclipse.equinox.app",1392139014010
started,bundle,org.eclipse.equinox.common,3.6.0.v20100503,"org.eclipse.equinox.common",1392139014010
started,bundle,org.eclipse.equinox.ds,1.2.1.R36x_v20100803,"org.eclipse.equinox.ds",1392139014010
started,bundle,org.eclipse.equinox.event,1.2.0.v20100503,"org.eclipse.equinox.event",1392139014010
started,bundle,org.eclipse.equinox.p2.artifact.repository,1.1.1.R36x_v20100901,"org.eclipse.equinox.p2.artifact.repository",1392139014010
started,bundle,org.eclipse.equinox.p2.core,2.0.3.R36x_v20110111,"org.eclipse.equinox.p2.core",1392139014010
started,bundle,org.eclipse.equinox.p2.director,2.0.3.R36x_v20101117-1018,"org.eclipse.equinox.p2.director",1392139014010
started,bundle,org.eclipse.equinox.p2.directorywatcher,1.0.203.R36x_v20101220,"org.eclipse.equinox.p2.directorywatcher",1392139014011
started,bundle,org.eclipse.equinox.p2.engine,2.0.1.R36x_v20110201,"org.eclipse.equinox.p2.engine",1392139014011
started,bundle,org.eclipse.equinox.p2.extensionlocation,1.2.0.v20100518,"org.eclipse.equinox.p2.extensionlocation",1392139014011
started,bundle,org.eclipse.equinox.p2.garbagecollector,1.0.100.v20100503,"org.eclipse.equinox.p2.garbagecollector",1392139014011
started,bundle,org.eclipse.equinox.p2.metadata,2.0.1.R36x_v20101202,"org.eclipse.equinox.p2.metadata",1392139014011
started,bundle,org.eclipse.equinox.p2.metadata.repository,1.1.0.v20100513,"org.eclipse.equinox.p2.metadata.repository",1392139014011
started,bundle,org.eclipse.equinox.p2.operations,2.0.0.v20100510,"org.eclipse.equinox.p2.operations",1392139014011
started,bundle,org.eclipse.equinox.p2.publisher,1.1.2.v20100824-2220,"org.eclipse.equinox.p2.publisher",1392139014011
started,bundle,org.eclipse.equinox.p2.reconciler.dropins,1.1.2.R36x_v20110114,"org.eclipse.equinox.p2.reconciler.dropins",1392139014011
started,bundle,org.eclipse.equinox.p2.repository,2.0.2.R36x_v20110111-1500,"org.eclipse.equinox.p2.repository",1392139014011
started,bundle,org.eclipse.equinox.p2.touchpoint.eclipse,2.0.3.R36x_v20101202,"org.eclipse.equinox.p2.touchpoint.eclipse",1392139014011
started,bundle,org.eclipse.equinox.p2.ui.sdk.scheduler,1.0.0.v20100507-1815,"org.eclipse.equinox.p2.ui.sdk.scheduler",1392139014011
started,bundle,org.eclipse.equinox.p2.updatechecker,1.1.101.R36x_v20100823,"org.eclipse.equinox.p2.updatechecker",1392139014011
started,bundle,org.eclipse.equinox.p2.updatesite,1.0.201.R36x_v20100823,"org.eclipse.equinox.p2.updatesite",1392139014011
started,bundle,org.eclipse.equinox.preferences,3.3.0.v20100503,"org.eclipse.equinox.preferences",1392139014012
started,bundle,org.eclipse.equinox.registry,3.5.0.v20100503,"org.eclipse.equinox.registry",1392139014012
started,bundle,org.eclipse.equinox.security,1.0.200.v20100503,"org.eclipse.equinox.security",1392139014012
started,bundle,org.eclipse.equinox.util,1.0.200.v20100503,"org.eclipse.equinox.util",1392139014012
started,bundle,org.eclipse.help,3.5.0.v20100524,"org.eclipse.help",1392139014012
started,bundle,org.eclipse.jdt.core,3.6.2.v_A76_R36x,"org.eclipse.jdt.core",1392139014012
started,bundle,org.eclipse.jdt.core.manipulation,1.3.0.v20100520-0800,"org.eclipse.jdt.core.manipulation",1392139014012
started,bundle,org.eclipse.jdt.ui,3.6.2.r362_v20110203,"org.eclipse.jdt.ui",1392139014012
started,bundle,org.eclipse.jem.util,2.1.3.v201012070000,"org.eclipse.jem.util",1392139014012
started,bundle,org.eclipse.jface,3.6.2.M20110210-1200,"org.eclipse.jface",1392139014012
started,bundle,org.eclipse.jsch.core,1.1.200.I20100505-1245,"org.eclipse.jsch.core",1392139014012
started,bundle,org.eclipse.jst.j2ee.ui,1.1.404.v201101122300,"org.eclipse.jst.j2ee.ui",1392139014012
started,bundle,org.eclipse.jst.j2ee.webservice,1.1.400.v201004110600,"org.eclipse.jst.j2ee.webservice",1392139014012
started,bundle,org.eclipse.jst.j2ee.webservice.ui,1.1.400.v201004110600,"org.eclipse.jst.j2ee.webservice.ui",1392139014012
started,bundle,org.eclipse.jst.ws.jaxws.utils,1.0.0.v201004171919,"org.eclipse.jst.ws.jaxws.utils",1392139014012
started,bundle,org.eclipse.mylyn.bugzilla.core,3.4.2.v20100902-0100-e3x,"org.eclipse.mylyn.bugzilla.core",1392139014012
started,bundle,org.eclipse.mylyn.bugzilla.ui,3.4.3.v20110131-0100-e3x,"org.eclipse.mylyn.bugzilla.ui",1392139014012
started,bundle,org.eclipse.mylyn.commons.net,3.4.1.v20100625-2100-e3x,"org.eclipse.mylyn.commons.net",1392139014012
started,bundle,org.eclipse.mylyn.commons.ui,3.4.0.v20100608-0100-e3x,"org.eclipse.mylyn.commons.ui",1392139014012
started,bundle,org.eclipse.mylyn.context.core,3.4.1.v20100909-0100-e3x,"org.eclipse.mylyn.context.core",1392139014012
started,bundle,org.eclipse.mylyn.context.ui,3.4.2.v20110131-0100-e3x,"org.eclipse.mylyn.context.ui",1392139014012
started,bundle,org.eclipse.mylyn.monitor.ui,3.4.1.v20110131-0100-e3x,"org.eclipse.mylyn.monitor.ui",1392139014012
started,bundle,org.eclipse.mylyn.tasks.ui,3.4.3.v20110131-0100-e3x,"org.eclipse.mylyn.tasks.ui",1392139014013
started,bundle,org.eclipse.mylyn.team.ui,3.4.3.v20110131-0100-e3x,"org.eclipse.mylyn.team.ui",1392139014013
started,bundle,org.eclipse.team.core,3.5.101.R36x_v20110203-1036,"org.eclipse.team.core",1392139014013
started,bundle,org.eclipse.team.cvs.core,3.3.301.R36x_v20110119-0815,"org.eclipse.team.cvs.core",1392139014013
started,bundle,org.eclipse.team.cvs.ui,3.3.302.R36x_v20110203-1036,"org.eclipse.team.cvs.ui",1392139014013
started,bundle,org.eclipse.team.ui,3.5.102.R36x_v20110203-1036,"org.eclipse.team.ui",1392139014013
started,bundle,org.eclipse.ui,3.6.2.M20110203-1100,"org.eclipse.ui",1392139014013
started,bundle,org.eclipse.ui.console,3.5.0.v20100526,"org.eclipse.ui.console",1392139014013
started,bundle,org.eclipse.ui.editors,3.6.1.r361_v20100825-0800,"org.eclipse.ui.editors",1392139014013
started,bundle,org.eclipse.ui.forms,3.5.2.r36_v20100702,"org.eclipse.ui.forms",1392139014013
started,bundle,org.eclipse.ui.ide,3.6.2.M20101201-0800,"org.eclipse.ui.ide",1392139014013
started,bundle,org.eclipse.ui.intro,3.4.0.v20100427,"org.eclipse.ui.intro",1392139014013
started,bundle,org.eclipse.ui.intro.universal,3.2.402.r36_v20100702,"org.eclipse.ui.intro.universal",1392139014013
started,bundle,org.eclipse.ui.navigator,3.5.0.I20100601-0800,"org.eclipse.ui.navigator",1392139014013
started,bundle,org.eclipse.ui.navigator.resources,3.4.202.M20101124-0800,"org.eclipse.ui.navigator.resources",1392139014013
started,bundle,org.eclipse.ui.net,1.2.100.I20100505-1245,"org.eclipse.ui.net",1392139014013
started,bundle,org.eclipse.ui.views,3.5.1.M20110202-0800,"org.eclipse.ui.views",1392139014013
started,bundle,org.eclipse.ui.workbench,3.6.2.M20110210-1200,"org.eclipse.ui.workbench",1392139014013
started,bundle,org.eclipse.ui.workbench.texteditor,3.6.1.r361_v20100714-0800,"org.eclipse.ui.workbench.texteditor",1392139014013
started,bundle,org.eclipse.update.configurator,3.3.100.v20100512,"org.eclipse.update.configurator",1392139014013
started,bundle,org.eclipse.update.core,3.2.402.R36x_v20100629,"org.eclipse.update.core",1392139014013
started,bundle,org.eclipse.update.scheduler,3.2.300.v20100512,"org.eclipse.update.scheduler",1392139014013
started,bundle,org.eclipse.wst.common.emf,1.2.3.v201012100400,"org.eclipse.wst.common.emf",1392139014013
started,bundle,org.eclipse.wst.common.emfworkbench.integration,1.2.3.v201012020600,"org.eclipse.wst.common.emfworkbench.integration",1392139014013
started,bundle,org.eclipse.wst.common.frameworks,1.2.0.v201003040800,"org.eclipse.wst.common.frameworks",1392139014013
started,bundle,org.eclipse.wst.common.project.facet.core,1.4.102.v201008170019,"org.eclipse.wst.common.project.facet.core",1392139014013
started,bundle,org.eclipse.wst.web,1.1.402.v201012160000,"org.eclipse.wst.web",1392139014013
os,sysinfo,,,"macosx",1392139014016
arch,sysinfo,,,"x86_64",1392139014016
ws,sysinfo,,,"cocoa",1392139014016
locale,sysinfo,,,"en_US",1392139014016
processors,sysinfo,,,"4",1392139014016
java.runtime.name,sysinfo,,,"Java(TM) SE Runtime Environment",1392139014016
java.runtime.version,sysinfo,,,"1.6.0_65-b14-462-11M4609",1392139014016
java.specification.name,sysinfo,,,"Java Platform API Specification",1392139014016
java.specification.vendor,sysinfo,,,"Sun Microsystems Inc.",1392139014016
java.specification.version,sysinfo,,,"1.6",1392139014016
java.vendor,sysinfo,,,"Apple Inc.",1392139014016
java.version,sysinfo,,,"1.6.0_65",1392139014016
java.vm.info,sysinfo,,,"mixed mode",1392139014016
java.vm.name,sysinfo,,,"Java HotSpot(TM) 64-Bit Server VM",1392139014016
java.vm.specification.name,sysinfo,,,"Java Virtual Machine Specification",1392139014016
java.vm.specification.vendor,sysinfo,,,"Sun Microsystems Inc.",1392139014016
java.vm.specification.version,sysinfo,,,"1.0",1392139014016
java.vm.vendor,sysinfo,,,"Apple Inc.",1392139014016
java.vm.version,sysinfo,,,"20.65-b04-462",1392139014016
activated,workbench,org.eclipse.ui.workbench,3.6.2.M20110210-1200,"",1392139014969
activated,view,org.eclipse.ui,3.6.2.M20110203-1100,"org.eclipse.ui.internal.introview",1392139014974
activated,view,org.eclipse.ui.navigator.resources,3.4.202.M20101124-0800,"org.eclipse.ui.navigator.ProjectExplorer",1392139016674
activated,view,org.eclipse.ui.navigator.resources,3.4.202.M20101124-0800,"org.eclipse.ui.navigator.ProjectExplorer",1392139016679
closed,view,org.eclipse.ui,3.6.2.M20110203-1100,"org.eclipse.ui.internal.introview",1392139016693
deactivated,workbench,org.eclipse.ui.workbench,3.6.2.M20110210-1200,"",1392139022102
activated,workbench,org.eclipse.ui.workbench,3.6.2.M20110210-1200,"",1392139043079
executed,command,org.eclipse.ui.ide,3.6.2.M20101201-0800,"org.eclipse.ui.edit.text.openLocalFile",1392139043189
deactivated,workbench,org.eclipse.ui.workbench,3.6.2.M20110210-1200,"",1392139043275
activated,workbench,org.eclipse.ui.workbench,3.6.2.M20110210-1200,"",1392139046927
activated,view,org.eclipse.ui.views,3.5.1.M20110202-0800,"org.eclipse.ui.views.ContentOutline",1392139047478
activated,view,org.eclipse.ui.navigator.resources,3.4.202.M20101124-0800,"org.eclipse.ui.navigator.ProjectExplorer",1392139048699
started,bundle,org.eclipse.debug.core,3.6.0.v20100519,"org.eclipse.debug.core",1392139050645
started,bundle,org.eclipse.debug.ui,3.6.3.v20101201_r362,"org.eclipse.debug.ui",1392139050677
started,bundle,org.eclipse.wst.xsl.debug.ui,1.0.101.v201102111830,"org.eclipse.wst.xsl.debug.ui",1392139050691
deactivated,workbench,org.eclipse.ui.workbench,3.6.2.M20110210-1200,"",1392139050709
activated,workbench,org.eclipse.ui.workbench,3.6.2.M20110210-1200,"",1392139054016
deactivated,workbench,org.eclipse.ui.workbench,3.6.2.M20110210-1200,"",1392139054823
activated,workbench,org.eclipse.ui.workbench,3.6.2.M20110210-1200,"",1392139056017
closed,workbench,org.eclipse.ui.workbench,3.6.2.M20110210-1200,"",1392139056092
started,bundle,org.eclipse.compare.core,3.5.101.R36x_v20100929-0800,"org.eclipse.compare.core",1392139056494
started,bundle,org.eclipse.compare,3.5.101.R36x_v20100929-0800,"org.eclipse.compare",1392139056497
stopped,bundle,org.eclipse.jst.j2ee.xdoclet.runtime,1.1.300.v201004280700,"org.eclipse.jst.j2ee.xdoclet.runtime",1392139056578
stopped,bundle,org.eclipse.jst.j2ee.ejb.annotations.xdoclet,1.2.100.v201003112036,"org.eclipse.jst.j2ee.ejb.annotations.xdoclet",1392139056578
stopped,bundle,org.eclipse.jst.server.generic.jboss,1.6.1.v200904151730,"org.eclipse.jst.server.generic.jboss",1392139056578
stopped,bundle,org.eclipse.jst.server.generic.jonas,1.5.205.v200805140145,"org.eclipse.jst.server.generic.jonas",1392139056578
stopped,bundle,org.eclipse.jst.server.generic.oc4j,1.5.206.v20090812,"org.eclipse.jst.server.generic.oc4j",1392139056578
stopped,bundle,org.eclipse.jst.server.websphere.core,1.0.302.v20080620,"org.eclipse.jst.server.websphere.core",1392139056578
stopped,bundle,org.eclipse.jst.server.generic.ui,1.0.505.v20100428,"org.eclipse.jst.server.generic.ui",1392139056578
stopped,bundle,org.eclipse.jst.server.generic.core,1.0.606.v20100512,"org.eclipse.jst.server.generic.core",1392139056579
stopped,bundle,org.eclipse.mylyn.ide.ant,3.4.0.v20100608-0100-e3x,"org.eclipse.mylyn.ide.ant",1392139056579
stopped,bundle,org.eclipse.datatools.connectivity.oda.template.ui,3.2.1.v201004090942,"org.eclipse.datatools.connectivity.oda.template.ui",1392139056579
stopped,bundle,org.eclipse.pde.api.tools.ui,1.0.201.v20100820_r361,"org.eclipse.pde.api.tools.ui",1392139056579
stopped,bundle,org.eclipse.pde.ds.ui,1.0.100.v20100601,"org.eclipse.pde.ds.ui",1392139056579
stopped,bundle,org.eclipse.pde.runtime,3.4.200.v20100601,"org.eclipse.pde.runtime",1392139056579
stopped,bundle,org.eclipse.pde.ua.ui,1.0.100.v20100504,"org.eclipse.pde.ua.ui",1392139056579
stopped,bundle,org.eclipse.pde.ui.templates,3.4.200.v20100601,"org.eclipse.pde.ui.templates",1392139056579
stopped,bundle,org.eclipse.pde.ui,3.6.1.v20110210_r362,"org.eclipse.pde.ui",1392139056579
stopped,bundle,org.eclipse.ant.ui,3.5.0.v20100427,"org.eclipse.ant.ui",1392139056579
stopped,bundle,org.eclipse.ant.launching,1.0.1.v20101020_r362,"org.eclipse.ant.launching",1392139056579
stopped,bundle,org.eclipse.equinox.p2.ui.sdk,1.0.100.v20100513,"org.eclipse.equinox.p2.ui.sdk",1392139056580
stopped,bundle,org.eclipse.jst.server.tomcat.ui,1.1.200.v20100418,"org.eclipse.jst.server.tomcat.ui",1392139056580
stopped,bundle,org.eclipse.jst.server.ui,1.1.101.v20100823b,"org.eclipse.jst.server.ui",1392139056580
stopped,bundle,org.eclipse.mylyn.java.tasks,3.4.0.v20100608-0100-e3x,"org.eclipse.mylyn.java.tasks",1392139056580
stopped,bundle,org.eclipse.mylyn.java.ui,3.4.0.v20100608-0100-e3x,"org.eclipse.mylyn.java.ui",1392139056580
stopped,bundle,org.eclipse.jdt.junit,3.6.1.r361_v20100825-0800,"org.eclipse.jdt.junit",1392139056580
stopped,bundle,org.eclipse.jpt.eclipselink.ui,1.3.0.v201004280001,"org.eclipse.jpt.eclipselink.ui",1392139056580
stopped,bundle,org.eclipse.jpt.eclipselink.core,1.3.2.v201102072310,"org.eclipse.jpt.eclipselink.core",1392139056580
stopped,bundle,org.eclipse.jpt.jaxb.ui,1.0.1.v201006300000,"org.eclipse.jpt.jaxb.ui",1392139056580
stopped,bundle,org.eclipse.jpt.ui,2.3.2.v201008252310,"org.eclipse.jpt.ui",1392139056580
stopped,bundle,org.eclipse.jpt.core,2.3.3.v201102172310,"org.eclipse.jpt.core",1392139056581
stopped,bundle,org.eclipse.jpt.db,1.2.202.v201010192330,"org.eclipse.jpt.db",1392139056581
stopped,bundle,org.eclipse.datatools.enablement.jdt.classpath,1.0.1.v201004070709,"org.eclipse.datatools.enablement.jdt.classpath",1392139056581
stopped,bundle,org.eclipse.jdt.apt.ui,3.3.300.v20100513-0845,"org.eclipse.jdt.apt.ui",1392139056581
stopped,bundle,org.eclipse.datatools.enablement.sybase.asa.schemaobjecteditor.examples,2.5.0.200810071,"org.eclipse.datatools.enablement.sybase.asa.schemaobjecteditor.examples",1392139056581
stopped,bundle,org.eclipse.datatools.sqltools.debugger.core.ui,1.0.0.v201003161000,"org.eclipse.datatools.sqltools.debugger.core.ui",1392139056581
stopped,bundle,org.eclipse.jst.server.preview.adapter,1.1.100.v20100308,"org.eclipse.jst.server.preview.adapter",1392139056581
stopped,bundle,org.eclipse.wst.xsl.jaxp.debug.ui,1.0.100.v201004290328,"org.eclipse.wst.xsl.jaxp.debug.ui",1392139056581
stopped,bundle,org.eclipse.jdt.debug.ui,3.5.2.v20100928a_r362,"org.eclipse.jdt.debug.ui",1392139056581
stopped,bundle,org.eclipse.jst.common.annotations.ui,1.1.300.v201002081900,"org.eclipse.jst.common.annotations.ui",1392139056581
stopped,bundle,org.eclipse.jst.j2ee.ejb.annotations.ui,1.1.200.v201004290730,"org.eclipse.jst.j2ee.ejb.annotations.ui",1392139056582
stopped,bundle,org.eclipse.jst.ejb.ui,1.1.502.v201101121843,"org.eclipse.jst.ejb.ui",1392139056582
stopped,bundle,org.eclipse.jst.ws.axis.creation.ui,1.0.600.v201008171516,"org.eclipse.jst.ws.axis.creation.ui",1392139056582
stopped,bundle,org.eclipse.jst.ws.axis.consumption.ui,1.0.505.v201004211805,"org.eclipse.jst.ws.axis.consumption.ui",1392139056582
stopped,bundle,org.eclipse.jst.ws.axis2.creation.ui,1.0.104.v201004211805,"org.eclipse.jst.ws.axis2.creation.ui",1392139056582
stopped,bundle,org.eclipse.jst.ws.axis2.consumption.ui,1.0.103.v201004211805,"org.eclipse.jst.ws.axis2.consumption.ui",1392139056582
stopped,bundle,org.eclipse.jst.ws.axis2.creation.core,1.0.106.v201004211805,"org.eclipse.jst.ws.axis2.creation.core",1392139056582
stopped,bundle,org.eclipse.jst.ws.axis2.consumption.core,1.0.105.v201004211805,"org.eclipse.jst.ws.axis2.consumption.core",1392139056583
stopped,bundle,org.eclipse.jst.ws.cxf.creation.ui,1.0.0.v201003311345,"org.eclipse.jst.ws.cxf.creation.ui",1392139056583
stopped,bundle,org.eclipse.jst.ws.creation.ui,1.0.510.v201011041151,"org.eclipse.jst.ws.creation.ui",1392139056583
stopped,bundle,org.eclipse.jst.ws.cxf.consumption.ui,1.0.0.v201003222311,"org.eclipse.jst.ws.cxf.consumption.ui",1392139056583
stopped,bundle,org.eclipse.jst.ws.consumption.ui,1.1.302.v201101191731,"org.eclipse.jst.ws.consumption.ui",1392139056583
stopped,bundle,org.eclipse.jst.j2ee.webservice.ui,1.1.400.v201004110600,"org.eclipse.jst.j2ee.webservice.ui",1392139056583
stopped,bundle,org.eclipse.jst.servlet.ui,1.1.404.v201101270100,"org.eclipse.jst.servlet.ui",1392139056584
stopped,bundle,org.eclipse.jst.ws.jaxws.dom.integration,1.0.0.v201004171919,"org.eclipse.jst.ws.jaxws.dom.integration",1392139056584
stopped,bundle,org.eclipse.jst.jee.ui,1.0.304.v201101272100,"org.eclipse.jst.jee.ui",1392139056584
stopped,bundle,org.eclipse.jst.j2ee.navigator.ui,1.1.403.v201012020600,"org.eclipse.jst.j2ee.navigator.ui",1392139056584
stopped,bundle,org.eclipse.jst.j2ee.jca.ui,1.1.400.v201004150700,"org.eclipse.jst.j2ee.jca.ui",1392139056584
stopped,bundle,org.eclipse.jst.j2ee.ui,1.1.404.v201101122300,"org.eclipse.jst.j2ee.ui",1392139056585
stopped,bundle,org.eclipse.jst.jsf.facelet.ui,1.0.0.v20100602,"org.eclipse.jst.jsf.facelet.ui",1392139056585
stopped,bundle,org.eclipse.jst.jsf.ui,1.3.1.v20100906,"org.eclipse.jst.jsf.ui",1392139056585
stopped,bundle,org.eclipse.jst.ws.jaxrs.ui,1.0.301.v201012020511,"org.eclipse.jst.ws.jaxrs.ui",1392139056585
stopped,bundle,org.eclipse.jst.common.project.facet.ui,1.4.102.v201008182136,"org.eclipse.jst.common.project.facet.ui",1392139056585
stopped,bundle,org.eclipse.jst.common.ui,1.0.3.v201101101700,"org.eclipse.jst.common.ui",1392139056585
stopped,bundle,org.eclipse.jst.j2ee.ejb.annotations.emitter,1.1.200.v200909290826,"org.eclipse.jst.j2ee.ejb.annotations.emitter",1392139056585
stopped,bundle,org.eclipse.jst.jsf.apache.trinidad.tagsupport,1.1.101.v20100906,"org.eclipse.jst.jsf.apache.trinidad.tagsupport",1392139056585
stopped,bundle,org.eclipse.jst.jsf.facesconfig.ui,1.2.1.v201101112207,"org.eclipse.jst.jsf.facesconfig.ui",1392139056585
stopped,bundle,org.eclipse.jst.pagedesigner.jsf.ui,1.2.0.v20100414,"org.eclipse.jst.pagedesigner.jsf.ui",1392139056585
stopped,bundle,org.eclipse.jst.pagedesigner,1.3.2.v201101211220,"org.eclipse.jst.pagedesigner",1392139056586
stopped,bundle,org.eclipse.jst.jsf.common.ui,1.2.0.v20100329,"org.eclipse.jst.jsf.common.ui",1392139056586
stopped,bundle,org.eclipse.jst.jsf.facelet.core,1.0.2.v201101042130,"org.eclipse.jst.jsf.facelet.core",1392139056586
stopped,bundle,org.eclipse.jst.jsf.core,1.3.3.v201102021253,"org.eclipse.jst.jsf.core",1392139056586
stopped,bundle,org.eclipse.jst.jsf.standard.tagsupport,1.2.2.v20101027,"org.eclipse.jst.jsf.standard.tagsupport",1392139056586
stopped,bundle,org.eclipse.jst.pagedesigner.jsp.core,1.2.0.v20100308,"org.eclipse.jst.pagedesigner.jsp.core",1392139056586
stopped,bundle,org.eclipse.jst.jsf.common,1.2.2.v201101211220,"org.eclipse.jst.jsf.common",1392139056586
stopped,bundle,org.eclipse.wst.jsdt.web.support.jsp,1.0.303.v201012160047,"org.eclipse.wst.jsdt.web.support.jsp",1392139056586
stopped,bundle,org.eclipse.jst.jsp.ui,1.1.503.v201101262228,"org.eclipse.jst.jsp.ui",1392139056586
stopped,bundle,org.eclipse.jst.ws.cxf.consumption.core,1.0.0.v201003222311,"org.eclipse.jst.ws.cxf.consumption.core",1392139056586
stopped,bundle,org.eclipse.jst.ws.cxf.creation.core,1.0.0.v201003311345,"org.eclipse.jst.ws.cxf.creation.core",1392139056586
stopped,bundle,org.eclipse.jst.ws.cxf.ui,1.0.0.v201004171919,"org.eclipse.jst.ws.cxf.ui",1392139056586
stopped,bundle,org.eclipse.jst.ws.cxf.core,1.0.0.v201003311345,"org.eclipse.jst.ws.cxf.core",1392139056587
stopped,bundle,org.eclipse.jst.ws.jaxws.ui,1.0.1.v201008232129,"org.eclipse.jst.ws.jaxws.ui",1392139056587
stopped,bundle,org.eclipse.jst.ws.jaxws.core,1.0.0.v201004171919,"org.eclipse.jst.ws.jaxws.core",1392139056587
stopped,bundle,org.eclipse.jst.ws.annotations.core,1.0.0.v201004262257,"org.eclipse.jst.ws.annotations.core",1392139056587
stopped,bundle,org.eclipse.jst.ws.axis2.ui,1.0.303.v201003110431,"org.eclipse.jst.ws.axis2.ui",1392139056588
stopped,bundle,org.eclipse.jst.ws.uddiregistry,1.0.500.v201004211805,"org.eclipse.jst.ws.uddiregistry",1392139056588
stopped,bundle,org.eclipse.jst.ws.ui,1.0.403.v201004211805,"org.eclipse.jst.ws.ui",1392139056588
stopped,bundle,org.eclipse.jdt.ui,3.6.2.r362_v20110203,"org.eclipse.jdt.ui",1392139056591
stopped,bundle,org.eclipse.rse.importexport,1.2.101.v201008191400,"org.eclipse.rse.importexport",1392139056591
stopped,bundle,org.eclipse.rse.subsystems.shells.telnet,1.2.0.v200905272300,"org.eclipse.rse.subsystems.shells.telnet",1392139056591
stopped,bundle,org.eclipse.rse.useractions,1.1.100.v200905272300,"org.eclipse.rse.useractions",1392139056591
stopped,bundle,org.eclipse.rse.shells.ui,3.0.200.v201006041352,"org.eclipse.rse.shells.ui",1392139056591
stopped,bundle,org.eclipse.rse.files.ui,3.1.102.R32x_v201102011435,"org.eclipse.rse.files.ui",1392139056591
stopped,bundle,org.eclipse.rse.processes.ui,3.0.200.v201003010830,"org.eclipse.rse.processes.ui",1392139056591
stopped,bundle,org.eclipse.wst.dtd.ui,1.0.500.v201004290328,"org.eclipse.wst.dtd.ui",1392139056592
stopped,bundle,org.eclipse.wst.wsdl.ui,1.2.304.v201012071645,"org.eclipse.wst.wsdl.ui",1392139056592
stopped,bundle,org.eclipse.wst.wsi.ui,1.0.501.v201004201506,"org.eclipse.wst.wsi.ui",1392139056592
stopped,bundle,org.eclipse.wst.jsdt.web.ui,1.0.304.v201012160349,"org.eclipse.wst.jsdt.web.ui",1392139056592
stopped,bundle,org.eclipse.wst.web.ui,1.1.400.v201004141630,"org.eclipse.wst.web.ui",1392139056593
stopped,bundle,org.eclipse.wst.html.ui,1.0.504.v201101122108,"org.eclipse.wst.html.ui",1392139056593
stopped,bundle,org.eclipse.wst.css.ui,1.0.502.v201101122002,"org.eclipse.wst.css.ui",1392139056593
stopped,bundle,org.eclipse.wst.xsl.exslt.ui,1.0.0.v201006012005,"org.eclipse.wst.xsl.exslt.ui",1392139056593
stopped,bundle,org.eclipse.wst.xsl.ui,1.1.1.v201009091745,"org.eclipse.wst.xsl.ui",1392139056593
stopped,bundle,org.eclipse.wst.xml.xpath.ui,1.1.2.v201101212242,"org.eclipse.wst.xml.xpath.ui",1392139056593
stopped,bundle,org.eclipse.wst.xsd.ui,1.2.304.v201101251958,"org.eclipse.wst.xsd.ui",1392139056593
stopped,bundle,org.eclipse.wst.xsl.debug.ui,1.0.101.v201102111830,"org.eclipse.wst.xsl.debug.ui",1392139056593
stopped,bundle,org.eclipse.wst.xml.ui,1.1.103.v201101122108,"org.eclipse.wst.xml.ui",1392139056593
stopped,bundle,org.eclipse.wst.common.ui,1.1.500.v200911190730,"org.eclipse.wst.common.ui",1392139056594
stopped,bundle,org.eclipse.wst.jsdt.debug.ui,1.0.3.v201011040143,"org.eclipse.wst.jsdt.debug.ui",1392139056594
stopped,bundle,org.eclipse.wst.jsdt.support.firefox,1.0.300.v201004150600,"org.eclipse.wst.jsdt.support.firefox",1392139056594
stopped,bundle,org.eclipse.wst.jsdt.ui,1.1.4.v201102160540,"org.eclipse.wst.jsdt.ui",1392139056594
stopped,bundle,org.eclipse.wst.sse.ui,1.2.3.v201102102045,"org.eclipse.wst.sse.ui",1392139056594
stopped,bundle,org.eclipse.search,3.6.0.v20100520-0800,"org.eclipse.search",1392139056594
stopped,bundle,org.eclipse.datatools.enablement.sybase.asa.ui,1.0.1.v200906111150,"org.eclipse.datatools.enablement.sybase.asa.ui",1392139056594
stopped,bundle,org.eclipse.datatools.enablement.sybase.ase.ui,1.0.1.v200906020900,"org.eclipse.datatools.enablement.sybase.ase.ui",1392139056594
stopped,bundle,org.eclipse.datatools.sqltools.ddlgen.ui,1.0.1.v201002270530,"org.eclipse.datatools.sqltools.ddlgen.ui",1392139056595
stopped,bundle,org.eclipse.datatools.connectivity.ui.dse,1.1.4.v201004270430,"org.eclipse.datatools.connectivity.ui.dse",1392139056595
stopped,bundle,org.eclipse.mylyn.team.ui,3.4.3.v20110131-0100-e3x,"org.eclipse.mylyn.team.ui",1392139056595
